Statistic Label,Year,County,UNIT,VALUE
"Compensation of Employees (i.e. Wages and Salaries, Benefits in kind, Employers' social insurance contribution)",2021,Ireland,Euro Million,110894.16
"Compensation of Employees (i.e. Wages and Salaries, Benefits in kind, Employers' social insurance contribution)",2021,Co. Carlow,Euro Million,1169.88
"Compensation of Employees (i.e. Wages and Salaries, Benefits in kind, Employers' social insurance contribution)",2021,Co. Cavan,Euro Million,1338.61
"Compensation of Employees (i.e. Wages and Salaries, Benefits in kind, Employers' social insurance contribution)",2021,Co. Clare,Euro Million,2386.89
"Compensation of Employees (i.e. Wages and Salaries, Benefits in kind, Employers' social insurance contribution)",2021,Co. Cork,Euro Million,12864.31
"Compensation of Employees (i.e. Wages and Salaries, Benefits in kind, Employers' social insurance contribution)",2021,Co. Donegal,Euro Million,2163.97
"Compensation of Employees (i.e. Wages and Salaries, Benefits in kind, Employers' social insurance contribution)",2021,Co. Dublin,Euro Million,40003.54
"Compensation of Employees (i.e. Wages and Salaries, Benefits in kind, Employers' social insurance contribution)",2021,Co. Galway,Euro Million,5538.46
"Compensation of Employees (i.e. Wages and Salaries, Benefits in kind, Employers' social insurance contribution)",2021,Co. Kerry,Euro Million,2507.46
"Compensation of Employees (i.e. Wages and Salaries, Benefits in kind, Employers' social insurance contribution)",2021,Co. Kildare,Euro Million,5842.93
"Compensation of Employees (i.e. Wages and Salaries, Benefits in kind, Employers' social insurance contribution)",2021,Co. Kilkenny,Euro Million,1734.38
"Compensation of Employees (i.e. Wages and Salaries, Benefits in kind, Employers' social insurance contribution)",2021,Co. Laois,Euro Million,1465.23
"Compensation of Employees (i.e. Wages and Salaries, Benefits in kind, Employers' social insurance contribution)",2021,Co. Leitrim,Euro Million,536.29
"Compensation of Employees (i.e. Wages and Salaries, Benefits in kind, Employers' social insurance contribution)",2021,Co. Limerick,Euro Million,4522.08
"Compensation of Employees (i.e. Wages and Salaries, Benefits in kind, Employers' social insurance contribution)",2021,Co. Longford,Euro Million,719.47
"Compensation of Employees (i.e. Wages and Salaries, Benefits in kind, Employers' social insurance contribution)",2021,Co. Louth,Euro Million,2763.81
"Compensation of Employees (i.e. Wages and Salaries, Benefits in kind, Employers' social insurance contribution)",2021,Co. Mayo,Euro Million,2322.04
"Compensation of Employees (i.e. Wages and Salaries, Benefits in kind, Employers' social insurance contribution)",2021,Co. Meath,Euro Million,4591.75
"Compensation of Employees (i.e. Wages and Salaries, Benefits in kind, Employers' social insurance contribution)",2021,Co. Monaghan,Euro Million,1086.27
"Compensation of Employees (i.e. Wages and Salaries, Benefits in kind, Employers' social insurance contribution)",2021,Co. Offaly,Euro Million,1362.67
"Compensation of Employees (i.e. Wages and Salaries, Benefits in kind, Employers' social insurance contribution)",2021,Co. Roscommon,Euro Million,1090.82
"Compensation of Employees (i.e. Wages and Salaries, Benefits in kind, Employers' social insurance contribution)",2021,Co. Sligo,Euro Million,1182.13
"Compensation of Employees (i.e. Wages and Salaries, Benefits in kind, Employers' social insurance contribution)",2021,Co. Tipperary,Euro Million,3134.34
"Compensation of Employees (i.e. Wages and Salaries, Benefits in kind, Employers' social insurance contribution)",2021,Co. Waterford,Euro Million,2385.68
"Compensation of Employees (i.e. Wages and Salaries, Benefits in kind, Employers' social insurance contribution)",2021,Co. Westmeath,Euro Million,1907.46
"Compensation of Employees (i.e. Wages and Salaries, Benefits in kind, Employers' social insurance contribution)",2021,Co. Wexford,Euro Million,2684.61
"Compensation of Employees (i.e. Wages and Salaries, Benefits in kind, Employers' social insurance contribution)",2021,Co. Wicklow,Euro Million,3589.09
Income of Self Employed,2021,Ireland,Euro Million,15181.99
Income of Self Employed,2021,Co. Carlow,Euro Million,178.79
Income of Self Employed,2021,Co. Cavan,Euro Million,245.76
Income of Self Employed,2021,Co. Clare,Euro Million,392.34
Income of Self Employed,2021,Co. Cork,Euro Million,1948.85
Income of Self Employed,2021,Co. Donegal,Euro Million,434.9
Income of Self Employed,2021,Co. Dublin,Euro Million,4086.78
Income of Self Employed,2021,Co. Galway,Euro Million,835.52
Income of Self Employed,2021,Co. Kerry,Euro Million,618.61
Income of Self Employed,2021,Co. Kildare,Euro Million,613.87
Income of Self Employed,2021,Co. Kilkenny,Euro Million,332.07
Income of Self Employed,2021,Co. Laois,Euro Million,232.19
Income of Self Employed,2021,Co. Leitrim,Euro Million,108.02
Income of Self Employed,2021,Co. Limerick,Euro Million,586.76
Income of Self Employed,2021,Co. Longford,Euro Million,127.03
Income of Self Employed,2021,Co. Louth,Euro Million,299.41
Income of Self Employed,2021,Co. Mayo,Euro Million,453.71
Income of Self Employed,2021,Co. Meath,Euro Million,588.93
Income of Self Employed,2021,Co. Monaghan,Euro Million,207.27
Income of Self Employed,2021,Co. Offaly,Euro Million,208.84
Income of Self Employed,2021,Co. Roscommon,Euro Million,214.09
Income of Self Employed,2021,Co. Sligo,Euro Million,195.59
Income of Self Employed,2021,Co. Tipperary,Euro Million,644.14
Income of Self Employed,2021,Co. Waterford,Euro Million,343.22
Income of Self Employed,2021,Co. Westmeath,Euro Million,283.52
Income of Self Employed,2021,Co. Wexford,Euro Million,510.46
Income of Self Employed,2021,Co. Wicklow,Euro Million,491.33
Rent of dwellings (including imputed rent of owner-occupied dwellings),2021,Ireland,Euro Million,12806.09
Rent of dwellings (including imputed rent of owner-occupied dwellings),2021,Co. Carlow,Euro Million,99.78
Rent of dwellings (including imputed rent of owner-occupied dwellings),2021,Co. Cavan,Euro Million,96.58
Rent of dwellings (including imputed rent of owner-occupied dwellings),2021,Co. Clare,Euro Million,155.74
Rent of dwellings (including imputed rent of owner-occupied dwellings),2021,Co. Cork,Euro Million,1322.18
Rent of dwellings (including imputed rent of owner-occupied dwellings),2021,Co. Donegal,Euro Million,156.9
Rent of dwellings (including imputed rent of owner-occupied dwellings),2021,Co. Dublin,Euro Million,6642.2
Rent of dwellings (including imputed rent of owner-occupied dwellings),2021,Co. Galway,Euro Million,718.54
Rent of dwellings (including imputed rent of owner-occupied dwellings),2021,Co. Kerry,Euro Million,203.29
Rent of dwellings (including imputed rent of owner-occupied dwellings),2021,Co. Kildare,Euro Million,495.91
Rent of dwellings (including imputed rent of owner-occupied dwellings),2021,Co. Kilkenny,Euro Million,121.36
Rent of dwellings (including imputed rent of owner-occupied dwellings),2021,Co. Laois,Euro Million,108.46
Rent of dwellings (including imputed rent of owner-occupied dwellings),2021,Co. Leitrim,Euro Million,36.96
Rent of dwellings (including imputed rent of owner-occupied dwellings),2021,Co. Limerick,Euro Million,436.13
Rent of dwellings (including imputed rent of owner-occupied dwellings),2021,Co. Longford,Euro Million,58.69
Rent of dwellings (including imputed rent of owner-occupied dwellings),2021,Co. Louth,Euro Million,247.56
Rent of dwellings (including imputed rent of owner-occupied dwellings),2021,Co. Mayo,Euro Million,171.85
Rent of dwellings (including imputed rent of owner-occupied dwellings),2021,Co. Meath,Euro Million,335.83
Rent of dwellings (including imputed rent of owner-occupied dwellings),2021,Co. Monaghan,Euro Million,70.98
Rent of dwellings (including imputed rent of owner-occupied dwellings),2021,Co. Offaly,Euro Million,96.17
Rent of dwellings (including imputed rent of owner-occupied dwellings),2021,Co. Roscommon,Euro Million,76.48
Rent of dwellings (including imputed rent of owner-occupied dwellings),2021,Co. Sligo,Euro Million,105.28
Rent of dwellings (including imputed rent of owner-occupied dwellings),2021,Co. Tipperary,Euro Million,185.44
Rent of dwellings (including imputed rent of owner-occupied dwellings),2021,Co. Waterford,Euro Million,202.24
Rent of dwellings (including imputed rent of owner-occupied dwellings),2021,Co. Westmeath,Euro Million,166.05
Rent of dwellings (including imputed rent of owner-occupied dwellings),2021,Co. Wexford,Euro Million,200.83
Rent of dwellings (including imputed rent of owner-occupied dwellings),2021,Co. Wicklow,Euro Million,294.65
Net Interest and Dividends (payments by households of interest are deducted from interest received by households),2021,Ireland,Euro Million,5849.43
Net Interest and Dividends (payments by households of interest are deducted from interest received by households),2021,Co. Carlow,Euro Million,61.01
Net Interest and Dividends (payments by households of interest are deducted from interest received by households),2021,Co. Cavan,Euro Million,70.8
Net Interest and Dividends (payments by households of interest are deducted from interest received by households),2021,Co. Clare,Euro Million,123.61
Net Interest and Dividends (payments by households of interest are deducted from interest received by households),2021,Co. Cork,Euro Million,679.59
Net Interest and Dividends (payments by households of interest are deducted from interest received by households),2021,Co. Donegal,Euro Million,116.07
Net Interest and Dividends (payments by households of interest are deducted from interest received by households),2021,Co. Dublin,Euro Million,2136.75
Net Interest and Dividends (payments by households of interest are deducted from interest received by households),2021,Co. Galway,Euro Million,298.72
Net Interest and Dividends (payments by households of interest are deducted from interest received by households),2021,Co. Kerry,Euro Million,140.23
Net Interest and Dividends (payments by households of interest are deducted from interest received by households),2021,Co. Kildare,Euro Million,292.83
Net Interest and Dividends (payments by households of interest are deducted from interest received by households),2021,Co. Kilkenny,Euro Million,92.15
Net Interest and Dividends (payments by households of interest are deducted from interest received by households),2021,Co. Laois,Euro Million,76.06
Net Interest and Dividends (payments by households of interest are deducted from interest received by households),2021,Co. Leitrim,Euro Million,28.69
Net Interest and Dividends (payments by households of interest are deducted from interest received by households),2021,Co. Limerick,Euro Million,233.54
Net Interest and Dividends (payments by households of interest are deducted from interest received by households),2021,Co. Longford,Euro Million,38.12
Net Interest and Dividends (payments by households of interest are deducted from interest received by households),2021,Co. Louth,Euro Million,139.44
Net Interest and Dividends (payments by households of interest are deducted from interest received by households),2021,Co. Mayo,Euro Million,124.15
Net Interest and Dividends (payments by households of interest are deducted from interest received by households),2021,Co. Meath,Euro Million,232.34
Net Interest and Dividends (payments by households of interest are deducted from interest received by households),2021,Co. Monaghan,Euro Million,57.47
Net Interest and Dividends (payments by households of interest are deducted from interest received by households),2021,Co. Offaly,Euro Million,70.24
Net Interest and Dividends (payments by households of interest are deducted from interest received by households),2021,Co. Roscommon,Euro Million,58.18
Net Interest and Dividends (payments by households of interest are deducted from interest received by households),2021,Co. Sligo,Euro Million,62.46
Net Interest and Dividends (payments by households of interest are deducted from interest received by households),2021,Co. Tipperary,Euro Million,166.95
Net Interest and Dividends (payments by households of interest are deducted from interest received by households),2021,Co. Waterford,Euro Million,123.45
Net Interest and Dividends (payments by households of interest are deducted from interest received by households),2021,Co. Westmeath,Euro Million,99.27
Net Interest and Dividends (payments by households of interest are deducted from interest received by households),2021,Co. Wexford,Euro Million,143.03
Net Interest and Dividends (payments by households of interest are deducted from interest received by households),2021,Co. Wicklow,Euro Million,184.27
Primary Income,2021,Ireland,Euro Million,144731.67
Primary Income,2021,Co. Carlow,Euro Million,1509.46
Primary Income,2021,Co. Cavan,Euro Million,1751.75
Primary Income,2021,Co. Clare,Euro Million,3058.58
Primary Income,2021,Co. Cork,Euro Million,16814.93
Primary Income,2021,Co. Donegal,Euro Million,2871.83
Primary Income,2021,Co. Dublin,Euro Million,52869.27
Primary Income,2021,Co. Galway,Euro Million,7391.24
Primary Income,2021,Co. Kerry,Euro Million,3469.59
Primary Income,2021,Co. Kildare,Euro Million,7245.54
Primary Income,2021,Co. Kilkenny,Euro Million,2279.95
Primary Income,2021,Co. Laois,Euro Million,1881.94
Primary Income,2021,Co. Leitrim,Euro Million,709.97
Primary Income,2021,Co. Limerick,Euro Million,5778.51
Primary Income,2021,Co. Longford,Euro Million,943.31
Primary Income,2021,Co. Louth,Euro Million,3450.22
Primary Income,2021,Co. Mayo,Euro Million,3071.75
Primary Income,2021,Co. Meath,Euro Million,5748.85
Primary Income,2021,Co. Monaghan,Euro Million,1421.99
Primary Income,2021,Co. Offaly,Euro Million,1737.92
Primary Income,2021,Co. Roscommon,Euro Million,1439.56
Primary Income,2021,Co. Sligo,Euro Million,1545.46
Primary Income,2021,Co. Tipperary,Euro Million,4130.87
Primary Income,2021,Co. Waterford,Euro Million,3054.6
Primary Income,2021,Co. Westmeath,Euro Million,2456.3
Primary Income,2021,Co. Wexford,Euro Million,3538.93
Primary Income,2021,Co. Wicklow,Euro Million,4559.34
Social Benefits and Other Current Transfers,2021,Ireland,Euro Million,35326.14
Social Benefits and Other Current Transfers,2021,Co. Carlow,Euro Million,522.84
Social Benefits and Other Current Transfers,2021,Co. Cavan,Euro Million,582.04
Social Benefits and Other Current Transfers,2021,Co. Clare,Euro Million,834.17
Social Benefits and Other Current Transfers,2021,Co. Cork,Euro Million,3896.19
Social Benefits and Other Current Transfers,2021,Co. Donegal,Euro Million,1370.6
Social Benefits and Other Current Transfers,2021,Co. Dublin,Euro Million,9050.91
Social Benefits and Other Current Transfers,2021,Co. Galway,Euro Million,1825.5
Social Benefits and Other Current Transfers,2021,Co. Kerry,Euro Million,1200.2
Social Benefits and Other Current Transfers,2021,Co. Kildare,Euro Million,1498.33
Social Benefits and Other Current Transfers,2021,Co. Kilkenny,Euro Million,646.95
Social Benefits and Other Current Transfers,2021,Co. Laois,Euro Million,597.71
Social Benefits and Other Current Transfers,2021,Co. Leitrim,Euro Million,270.96
Social Benefits and Other Current Transfers,2021,Co. Limerick,Euro Million,1579.43
Social Benefits and Other Current Transfers,2021,Co. Longford,Euro Million,382.02
Social Benefits and Other Current Transfers,2021,Co. Louth,Euro Million,1146.06
Social Benefits and Other Current Transfers,2021,Co. Mayo,Euro Million,1062.96
Social Benefits and Other Current Transfers,2021,Co. Meath,Euro Million,1296.8
Social Benefits and Other Current Transfers,2021,Co. Monaghan,Euro Million,472.21
Social Benefits and Other Current Transfers,2021,Co. Offaly,Euro Million,622.17
Social Benefits and Other Current Transfers,2021,Co. Roscommon,Euro Million,498.18
Social Benefits and Other Current Transfers,2021,Co. Sligo,Euro Million,509.56
Social Benefits and Other Current Transfers,2021,Co. Tipperary,Euro Million,1346.3
Social Benefits and Other Current Transfers,2021,Co. Waterford,Euro Million,996.74
Social Benefits and Other Current Transfers,2021,Co. Westmeath,Euro Million,743.49
Social Benefits and Other Current Transfers,2021,Co. Wexford,Euro Million,1324.9
Social Benefits and Other Current Transfers,2021,Co. Wicklow,Euro Million,1048.93
Total Household Income,2021,Ireland,Euro Million,180057.81
Total Household Income,2021,Co. Carlow,Euro Million,2032.3
Total Household Income,2021,Co. Cavan,Euro Million,2333.79
Total Household Income,2021,Co. Clare,Euro Million,3892.75
Total Household Income,2021,Co. Cork,Euro Million,20711.12
Total Household Income,2021,Co. Donegal,Euro Million,4242.44
Total Household Income,2021,Co. Dublin,Euro Million,61920.18
Total Household Income,2021,Co. Galway,Euro Million,9216.74
Total Household Income,2021,Co. Kerry,Euro Million,4669.78
Total Household Income,2021,Co. Kildare,Euro Million,8743.87
Total Household Income,2021,Co. Kilkenny,Euro Million,2926.9
Total Household Income,2021,Co. Laois,Euro Million,2479.65
Total Household Income,2021,Co. Leitrim,Euro Million,980.93
Total Household Income,2021,Co. Limerick,Euro Million,7357.94
Total Household Income,2021,Co. Longford,Euro Million,1325.33
Total Household Income,2021,Co. Louth,Euro Million,4596.28
Total Household Income,2021,Co. Mayo,Euro Million,4134.7
Total Household Income,2021,Co. Meath,Euro Million,7045.65
Total Household Income,2021,Co. Monaghan,Euro Million,1894.2
Total Household Income,2021,Co. Offaly,Euro Million,2360.1
Total Household Income,2021,Co. Roscommon,Euro Million,1937.74
Total Household Income,2021,Co. Sligo,Euro Million,2055.02
Total Household Income,2021,Co. Tipperary,Euro Million,5477.17
Total Household Income,2021,Co. Waterford,Euro Million,4051.33
Total Household Income,2021,Co. Westmeath,Euro Million,3199.79
Total Household Income,2021,Co. Wexford,Euro Million,4863.83
Total Household Income,2021,Co. Wicklow,Euro Million,5608.27
Total Income per Person,2021,Ireland,Euro,35877.9
Total Income per Person,2021,Co. Carlow,Euro,33820.32
Total Income per Person,2021,Co. Cavan,Euro,29136.06
Total Income per Person,2021,Co. Clare,Euro,31142.75
Total Income per Person,2021,Co. Cork,Euro,36257.93
Total Income per Person,2021,Co. Donegal,Euro,25524
Total Income per Person,2021,Co. Dublin,Euro,43622.9
Total Income per Person,2021,Co. Galway,Euro,33834.88
Total Income per Person,2021,Co. Kerry,Euro,30158.58
Total Income per Person,2021,Co. Kildare,Euro,37045.17
Total Income per Person,2021,Co. Kilkenny,Euro,28203.83
Total Income per Person,2021,Co. Laois,Euro,27721.82
Total Income per Person,2021,Co. Leitrim,Euro,28972.48
Total Income per Person,2021,Co. Limerick,Euro,35791.86
Total Income per Person,2021,Co. Longford,Euro,30358.72
Total Income per Person,2021,Co. Louth,Euro,33922.54
Total Income per Person,2021,Co. Mayo,Euro,30224.57
Total Income per Person,2021,Co. Meath,Euro,33872.77
Total Income per Person,2021,Co. Monaghan,Euro,29429.32
Total Income per Person,2021,Co. Offaly,Euro,28783.04
Total Income per Person,2021,Co. Roscommon,Euro,28462.35
Total Income per Person,2021,Co. Sligo,Euro,29879.7
Total Income per Person,2021,Co. Tipperary,Euro,32585.33
Total Income per Person,2021,Co. Waterford,Euro,32883.18
Total Income per Person,2021,Co. Westmeath,Euro,34296.7
Total Income per Person,2021,Co. Wexford,Euro,30726.35
Total Income per Person,2021,Co. Wicklow,Euro,37244.32
Index of Total Income per Person,2021,Ireland,State=100,100
Index of Total Income per Person,2021,Co. Carlow,State=100,94.27
Index of Total Income per Person,2021,Co. Cavan,State=100,81.21
Index of Total Income per Person,2021,Co. Clare,State=100,86.8
Index of Total Income per Person,2021,Co. Cork,State=100,101.06
Index of Total Income per Person,2021,Co. Donegal,State=100,71.14
Index of Total Income per Person,2021,Co. Dublin,State=100,121.59
Index of Total Income per Person,2021,Co. Galway,State=100,94.31
Index of Total Income per Person,2021,Co. Kerry,State=100,84.06
Index of Total Income per Person,2021,Co. Kildare,State=100,103.25
Index of Total Income per Person,2021,Co. Kilkenny,State=100,78.61
Index of Total Income per Person,2021,Co. Laois,State=100,77.27
Index of Total Income per Person,2021,Co. Leitrim,State=100,80.75
Index of Total Income per Person,2021,Co. Limerick,State=100,99.76
Index of Total Income per Person,2021,Co. Longford,State=100,84.62
Index of Total Income per Person,2021,Co. Louth,State=100,94.55
Index of Total Income per Person,2021,Co. Mayo,State=100,84.24
Index of Total Income per Person,2021,Co. Meath,State=100,94.41
Index of Total Income per Person,2021,Co. Monaghan,State=100,82.03
Index of Total Income per Person,2021,Co. Offaly,State=100,80.23
Index of Total Income per Person,2021,Co. Roscommon,State=100,79.33
Index of Total Income per Person,2021,Co. Sligo,State=100,83.28
Index of Total Income per Person,2021,Co. Tipperary,State=100,90.82
Index of Total Income per Person,2021,Co. Waterford,State=100,91.65
Index of Total Income per Person,2021,Co. Westmeath,State=100,95.59
Index of Total Income per Person,2021,Co. Wexford,State=100,85.64
Index of Total Income per Person,2021,Co. Wicklow,State=100,103.81
Current Taxes on Income,2021,Ireland,Euro Million,30343.27
Current Taxes on Income,2021,Co. Carlow,Euro Million,268.12
Current Taxes on Income,2021,Co. Cavan,Euro Million,312.54
Current Taxes on Income,2021,Co. Clare,Euro Million,584.84
Current Taxes on Income,2021,Co. Cork,Euro Million,3478.44
Current Taxes on Income,2021,Co. Donegal,Euro Million,499.07
Current Taxes on Income,2021,Co. Dublin,Euro Million,12233.64
Current Taxes on Income,2021,Co. Galway,Euro Million,1418.27
Current Taxes on Income,2021,Co. Kerry,Euro Million,616.61
Current Taxes on Income,2021,Co. Kildare,Euro Million,1637.92
Current Taxes on Income,2021,Co. Kilkenny,Euro Million,451.62
Current Taxes on Income,2021,Co. Laois,Euro Million,365.14
Current Taxes on Income,2021,Co. Leitrim,Euro Million,129.9
Current Taxes on Income,2021,Co. Limerick,Euro Million,1086.39
Current Taxes on Income,2021,Co. Longford,Euro Million,162.76
Current Taxes on Income,2021,Co. Louth,Euro Million,671.06
Current Taxes on Income,2021,Co. Mayo,Euro Million,564.75
Current Taxes on Income,2021,Co. Meath,Euro Million,1251.44
Current Taxes on Income,2021,Co. Monaghan,Euro Million,240.31
Current Taxes on Income,2021,Co. Offaly,Euro Million,325.33
Current Taxes on Income,2021,Co. Roscommon,Euro Million,271.35
Current Taxes on Income,2021,Co. Sligo,Euro Million,304.1
Current Taxes on Income,2021,Co. Tipperary,Euro Million,750.24
Current Taxes on Income,2021,Co. Waterford,Euro Million,581.07
Current Taxes on Income,2021,Co. Westmeath,Euro Million,483.83
Current Taxes on Income,2021,Co. Wexford,Euro Million,628.39
Current Taxes on Income,2021,Co. Wicklow,Euro Million,1026.15
Disposable Household Income,2021,Ireland,Euro Million,122334.56
Disposable Household Income,2021,Co. Carlow,Euro Million,1478.63
Disposable Household Income,2021,Co. Cavan,Euro Million,1689.85
Disposable Household Income,2021,Co. Clare,Euro Million,2729.29
Disposable Household Income,2021,Co. Cork,Euro Million,14051.67
Disposable Household Income,2021,Co. Donegal,Euro Million,3200.08
Disposable Household Income,2021,Co. Dublin,Euro Million,39684.85
Disposable Household Income,2021,Co. Galway,Euro Million,6400.22
Disposable Household Income,2021,Co. Kerry,Euro Million,3396.81
Disposable Household Income,2021,Co. Kildare,Euro Million,5735.26
Disposable Household Income,2021,Co. Kilkenny,Euro Million,2043.97
Disposable Household Income,2021,Co. Laois,Euro Million,1758.49
Disposable Household Income,2021,Co. Leitrim,Euro Million,716.72
Disposable Household Income,2021,Co. Limerick,Euro Million,5178.38
Disposable Household Income,2021,Co. Longford,Euro Million,984.12
Disposable Household Income,2021,Co. Louth,Euro Million,3272.51
Disposable Household Income,2021,Co. Mayo,Euro Million,2988.85
Disposable Household Income,2021,Co. Meath,Euro Million,4706.65
Disposable Household Income,2021,Co. Monaghan,Euro Million,1384.88
Disposable Household Income,2021,Co. Offaly,Euro Million,1705.99
Disposable Household Income,2021,Co. Roscommon,Euro Million,1394.07
Disposable Household Income,2021,Co. Sligo,Euro Million,1458.55
Disposable Household Income,2021,Co. Tipperary,Euro Million,3945.46
Disposable Household Income,2021,Co. Waterford,Euro Million,2892.4
Disposable Household Income,2021,Co. Westmeath,Euro Million,2251.28
Disposable Household Income,2021,Co. Wexford,Euro Million,3565.96
Disposable Household Income,2021,Co. Wicklow,Euro Million,3719.6
Disposable Income per Person,2021,Ireland,Euro,24376.1
Disposable Income per Person,2021,Co. Carlow,Euro,24606.46
Disposable Income per Person,2021,Co. Cavan,Euro,21096.88
Disposable Income per Person,2021,Co. Clare,Euro,21834.88
Disposable Income per Person,2021,Co. Cork,Euro,24599.56
Disposable Income per Person,2021,Co. Donegal,Euro,19252.82
Disposable Income per Person,2021,Co. Dublin,Euro,27958.06
Disposable Income per Person,2021,Co. Galway,Euro,23495.35
Disposable Income per Person,2021,Co. Kerry,Euro,21937.4
Disposable Income per Person,2021,Co. Kildare,Euro,24298.59
Disposable Income per Person,2021,Co. Kilkenny,Euro,19695.82
Disposable Income per Person,2021,Co. Laois,Euro,19659.47
Disposable Income per Person,2021,Co. Leitrim,Euro,21168.81
Disposable Income per Person,2021,Co. Limerick,Euro,25189.64
Disposable Income per Person,2021,Co. Longford,Euro,22542.76
Disposable Income per Person,2021,Co. Louth,Euro,24152.58
Disposable Income per Person,2021,Co. Mayo,Euro,21848.41
Disposable Income per Person,2021,Co. Meath,Euro,22627.77
Disposable Income per Person,2021,Co. Monaghan,Euro,21516.29
Disposable Income per Person,2021,Co. Offaly,Euro,20805.73
Disposable Income per Person,2021,Co. Roscommon,Euro,20476.58
Disposable Income per Person,2021,Co. Sligo,Euro,21207.14
Disposable Income per Person,2021,Co. Tipperary,Euro,23472.72
Disposable Income per Person,2021,Co. Waterford,Euro,23476.59
Disposable Income per Person,2021,Co. Westmeath,Euro,24130.19
Disposable Income per Person,2021,Co. Wexford,Euro,22527.29
Disposable Income per Person,2021,Co. Wicklow,Euro,24701.71
Index of Disposable Income per Person,2021,Ireland,State=100,100
Index of Disposable Income per Person,2021,Co. Carlow,State=100,100.95
Index of Disposable Income per Person,2021,Co. Cavan,State=100,86.55
Index of Disposable Income per Person,2021,Co. Clare,State=100,89.57
Index of Disposable Income per Person,2021,Co. Cork,State=100,100.92
Index of Disposable Income per Person,2021,Co. Donegal,State=100,78.98
Index of Disposable Income per Person,2021,Co. Dublin,State=100,114.69
Index of Disposable Income per Person,2021,Co. Galway,State=100,96.39
Index of Disposable Income per Person,2021,Co. Kerry,State=100,90
Index of Disposable Income per Person,2021,Co. Kildare,State=100,99.68
Index of Disposable Income per Person,2021,Co. Kilkenny,State=100,80.8
Index of Disposable Income per Person,2021,Co. Laois,State=100,80.65
Index of Disposable Income per Person,2021,Co. Leitrim,State=100,86.84
Index of Disposable Income per Person,2021,Co. Limerick,State=100,103.34
Index of Disposable Income per Person,2021,Co. Longford,State=100,92.48
Index of Disposable Income per Person,2021,Co. Louth,State=100,99.08
Index of Disposable Income per Person,2021,Co. Mayo,State=100,89.63
Index of Disposable Income per Person,2021,Co. Meath,State=100,92.83
Index of Disposable Income per Person,2021,Co. Monaghan,State=100,88.27
Index of Disposable Income per Person,2021,Co. Offaly,State=100,85.35
Index of Disposable Income per Person,2021,Co. Roscommon,State=100,84
Index of Disposable Income per Person,2021,Co. Sligo,State=100,87
Index of Disposable Income per Person,2021,Co. Tipperary,State=100,96.29
Index of Disposable Income per Person,2021,Co. Waterford,State=100,96.31
Index of Disposable Income per Person,2021,Co. Westmeath,State=100,98.99
Index of Disposable Income per Person,2021,Co. Wexford,State=100,92.42
Index of Disposable Income per Person,2021,Co. Wicklow,State=100,101.34
Disposable Income per Person (excluding Rent),2021,Ireland,Euro,21824.39
Disposable Income per Person (excluding Rent),2021,Co. Carlow,Euro,22945.97
Disposable Income per Person (excluding Rent),2021,Co. Cavan,Euro,19891.14
Disposable Income per Person (excluding Rent),2021,Co. Clare,Euro,20588.94
Disposable Income per Person (excluding Rent),2021,Co. Cork,Euro,22284.89
Disposable Income per Person (excluding Rent),2021,Co. Donegal,Euro,18308.87
Disposable Income per Person (excluding Rent),2021,Co. Dublin,Euro,23278.62
Disposable Income per Person (excluding Rent),2021,Co. Galway,Euro,20857.58
Disposable Income per Person (excluding Rent),2021,Co. Kerry,Euro,20624.52
Disposable Income per Person (excluding Rent),2021,Co. Kildare,Euro,22197.56
Disposable Income per Person (excluding Rent),2021,Co. Kilkenny,Euro,18526.41
Disposable Income per Person (excluding Rent),2021,Co. Laois,Euro,18446.87
Disposable Income per Person (excluding Rent),2021,Co. Leitrim,Euro,20077.03
Disposable Income per Person (excluding Rent),2021,Co. Limerick,Euro,23068.16
Disposable Income per Person (excluding Rent),2021,Co. Longford,Euro,21198.46
Disposable Income per Person (excluding Rent),2021,Co. Louth,Euro,22325.48
Disposable Income per Person (excluding Rent),2021,Co. Mayo,Euro,20592.17
Disposable Income per Person (excluding Rent),2021,Co. Meath,Euro,21013.21
Disposable Income per Person (excluding Rent),2021,Co. Monaghan,Euro,20413.44
Disposable Income per Person (excluding Rent),2021,Co. Offaly,Euro,19632.82
Disposable Income per Person (excluding Rent),2021,Co. Roscommon,Euro,19353.28
Disposable Income per Person (excluding Rent),2021,Co. Sligo,Euro,19676.32
Disposable Income per Person (excluding Rent),2021,Co. Tipperary,Euro,22369.49
Disposable Income per Person (excluding Rent),2021,Co. Waterford,Euro,21835.07
Disposable Income per Person (excluding Rent),2021,Co. Westmeath,Euro,22350.44
Disposable Income per Person (excluding Rent),2021,Co. Wexford,Euro,21258.55
Disposable Income per Person (excluding Rent),2021,Co. Wicklow,Euro,22744.96
Index of Disposable Income per Person (excluding Rent),2021,Ireland,State=100,100
Index of Disposable Income per Person (excluding Rent),2021,Co. Carlow,State=100,105.14
Index of Disposable Income per Person (excluding Rent),2021,Co. Cavan,State=100,91.14
Index of Disposable Income per Person (excluding Rent),2021,Co. Clare,State=100,94.34
Index of Disposable Income per Person (excluding Rent),2021,Co. Cork,State=100,102.11
Index of Disposable Income per Person (excluding Rent),2021,Co. Donegal,State=100,83.89
Index of Disposable Income per Person (excluding Rent),2021,Co. Dublin,State=100,106.66
Index of Disposable Income per Person (excluding Rent),2021,Co. Galway,State=100,95.57
Index of Disposable Income per Person (excluding Rent),2021,Co. Kerry,State=100,94.5
Index of Disposable Income per Person (excluding Rent),2021,Co. Kildare,State=100,101.71
Index of Disposable Income per Person (excluding Rent),2021,Co. Kilkenny,State=100,84.89
Index of Disposable Income per Person (excluding Rent),2021,Co. Laois,State=100,84.52
Index of Disposable Income per Person (excluding Rent),2021,Co. Leitrim,State=100,91.99
Index of Disposable Income per Person (excluding Rent),2021,Co. Limerick,State=100,105.7
Index of Disposable Income per Person (excluding Rent),2021,Co. Longford,State=100,97.13
Index of Disposable Income per Person (excluding Rent),2021,Co. Louth,State=100,102.3
Index of Disposable Income per Person (excluding Rent),2021,Co. Mayo,State=100,94.35
Index of Disposable Income per Person (excluding Rent),2021,Co. Meath,State=100,96.28
Index of Disposable Income per Person (excluding Rent),2021,Co. Monaghan,State=100,93.53
Index of Disposable Income per Person (excluding Rent),2021,Co. Offaly,State=100,89.96
Index of Disposable Income per Person (excluding Rent),2021,Co. Roscommon,State=100,88.68
Index of Disposable Income per Person (excluding Rent),2021,Co. Sligo,State=100,90.16
Index of Disposable Income per Person (excluding Rent),2021,Co. Tipperary,State=100,102.5
Index of Disposable Income per Person (excluding Rent),2021,Co. Waterford,State=100,100.05
Index of Disposable Income per Person (excluding Rent),2021,Co. Westmeath,State=100,102.41
Index of Disposable Income per Person (excluding Rent),2021,Co. Wexford,State=100,97.41
Index of Disposable Income per Person (excluding Rent),2021,Co. Wicklow,State=100,104.22
Social Benefits and Other Current Transfers per Person,2021,Ireland,Euro,7039
Social Benefits and Other Current Transfers per Person,2021,Co. Carlow,Euro,8700.83
Social Benefits and Other Current Transfers per Person,2021,Co. Cavan,Euro,7266.4
Social Benefits and Other Current Transfers per Person,2021,Co. Clare,Euro,6673.51
Social Benefits and Other Current Transfers per Person,2021,Co. Cork,Euro,6820.87
Social Benefits and Other Current Transfers per Person,2021,Co. Donegal,Euro,8246.03
Social Benefits and Other Current Transfers per Person,2021,Co. Dublin,Euro,6376.38
Social Benefits and Other Current Transfers per Person,2021,Co. Galway,Euro,6701.45
Social Benefits and Other Current Transfers per Person,2021,Co. Kerry,Euro,7751.15
Social Benefits and Other Current Transfers per Person,2021,Co. Kildare,Euro,6347.98
Social Benefits and Other Current Transfers per Person,2021,Co. Kilkenny,Euro,6234.07
Social Benefits and Other Current Transfers per Person,2021,Co. Laois,Euro,6682.23
Social Benefits and Other Current Transfers per Person,2021,Co. Leitrim,Euro,8002.89
Social Benefits and Other Current Transfers per Person,2021,Co. Limerick,Euro,7682.96
Social Benefits and Other Current Transfers per Person,2021,Co. Longford,Euro,8750.75
Social Benefits and Other Current Transfers per Person,2021,Co. Louth,Euro,8458.43
Social Benefits and Other Current Transfers per Person,2021,Co. Mayo,Euro,7770.17
Social Benefits and Other Current Transfers per Person,2021,Co. Meath,Euro,6234.5
Social Benefits and Other Current Transfers per Person,2021,Co. Monaghan,Euro,7336.54
Social Benefits and Other Current Transfers per Person,2021,Co. Offaly,Euro,7587.86
Social Benefits and Other Current Transfers per Person,2021,Co. Roscommon,Euro,7317.48
Social Benefits and Other Current Transfers per Person,2021,Co. Sligo,Euro,7408.95
Social Benefits and Other Current Transfers per Person,2021,Co. Tipperary,Euro,8009.56
Social Benefits and Other Current Transfers per Person,2021,Co. Waterford,Euro,8090.14
Social Benefits and Other Current Transfers per Person,2021,Co. Westmeath,Euro,7969
Social Benefits and Other Current Transfers per Person,2021,Co. Wexford,Euro,8369.8
Social Benefits and Other Current Transfers per Person,2021,Co. Wicklow,Euro,6965.89
Persons at Work,2021,Ireland,Thousand,2389.29
Persons at Work,2021,Co. Carlow,Thousand,20.99
Persons at Work,2021,Co. Cavan,Thousand,36.52
Persons at Work,2021,Co. Clare,Thousand,26.79
Persons at Work,2021,Co. Cork,Thousand,306.54
Persons at Work,2021,Co. Donegal,Thousand,69.45
Persons at Work,2021,Co. Dublin,Thousand,726.83
Persons at Work,2021,Co. Galway,Thousand,171.57
Persons at Work,2021,Co. Kerry,Thousand,32.99
Persons at Work,2021,Co. Kildare,Thousand,127.47
Persons at Work,2021,Co. Kilkenny,Thousand,33.18
Persons at Work,2021,Co. Laois,Thousand,32.86
Persons at Work,2021,Co. Leitrim,Thousand,13.2
Persons at Work,2021,Co. Limerick,Thousand,120.03
Persons at Work,2021,Co. Longford,Thousand,19.99
Persons at Work,2021,Co. Louth,Thousand,70.55
Persons at Work,2021,Co. Mayo,Thousand,39.28
Persons at Work,2021,Co. Meath,Thousand,86.09
Persons at Work,2021,Co. Monaghan,Thousand,32.17
Persons at Work,2021,Co. Offaly,Thousand,36.52
Persons at Work,2021,Co. Roscommon,Thousand,14.84
Persons at Work,2021,Co. Sligo,Thousand,35.63
Persons at Work,2021,Co. Tipperary,Thousand,79.31
Persons at Work,2021,Co. Waterford,Thousand,92.6
Persons at Work,2021,Co. Westmeath,Thousand,52.58
Persons at Work,2021,Co. Wexford,Thousand,48.31
Persons at Work,2021,Co. Wicklow,Thousand,62.99
Percentage of Persons at Work,2021,Ireland,%,100
Percentage of Persons at Work,2021,Co. Carlow,%,0.88
Percentage of Persons at Work,2021,Co. Cavan,%,1.53
Percentage of Persons at Work,2021,Co. Clare,%,1.12
Percentage of Persons at Work,2021,Co. Cork,%,12.83
Percentage of Persons at Work,2021,Co. Donegal,%,2.91
Percentage of Persons at Work,2021,Co. Dublin,%,30.42
Percentage of Persons at Work,2021,Co. Galway,%,7.18
Percentage of Persons at Work,2021,Co. Kerry,%,1.38
Percentage of Persons at Work,2021,Co. Kildare,%,5.33
Percentage of Persons at Work,2021,Co. Kilkenny,%,1.39
Percentage of Persons at Work,2021,Co. Laois,%,1.38
Percentage of Persons at Work,2021,Co. Leitrim,%,0.55
Percentage of Persons at Work,2021,Co. Limerick,%,5.02
Percentage of Persons at Work,2021,Co. Longford,%,0.84
Percentage of Persons at Work,2021,Co. Louth,%,2.95
Percentage of Persons at Work,2021,Co. Mayo,%,1.64
Percentage of Persons at Work,2021,Co. Meath,%,3.6
Percentage of Persons at Work,2021,Co. Monaghan,%,1.35
Percentage of Persons at Work,2021,Co. Offaly,%,1.53
Percentage of Persons at Work,2021,Co. Roscommon,%,0.62
Percentage of Persons at Work,2021,Co. Sligo,%,1.49
Percentage of Persons at Work,2021,Co. Tipperary,%,3.32
Percentage of Persons at Work,2021,Co. Waterford,%,3.88
Percentage of Persons at Work,2021,Co. Westmeath,%,2.2
Percentage of Persons at Work,2021,Co. Wexford,%,2.02
Percentage of Persons at Work,2021,Co. Wicklow,%,2.64
